yo,gen_hi
Heya,gen_hi
Namaste,gen_hi
Hey,gen_hi
Great to see you!,gen_hi
Ssup,gen_hi
Whatup,gen_hi
Yo,gen_hi
hello,gen_hi
Howdy,gen_hi
hey there,gen_hi
Hey There!,gen_hi
Hello!,gen_hi
Hey there,gen_hi
Hey buddy !,gen_hi
Hi need support ,gen_hi
Hii,gen_hi
Heyo,gen_hi
Hello!,gen_hi
Hello there!,gen_hi
Hello There! ,gen_hi
Yo,gen_hi
Hii,gen_hi
what's up,gen_how_you
What's up,gen_how_you
Wassup,gen_how_you
How are you doing,gen_how_you
How's life treating you?,gen_how_you
How is life?,gen_how_you
How ya doin,gen_how_you
Sup,gen_how_you
how you doing?,gen_how_you
How do you do,gen_how_you
sup ?,gen_how_you
How do you do?,gen_how_you
How have you been?,gen_how_you
How are you doing,gen_how_you
I am great ! Thank you ! ,gen_how_you
Wassup,gen_how_you
How are you?,gen_how_you
What's new?,gen_how_you
How you doin?,gen_how_you
Wassup,gen_how_you
Okayisk,gen_how_you
who are you?,gen_who_you
What're you?,gen_who_you
Who am I talking to?,gen_who_you
Who are you?,gen_who_you
May I know the Identity of this person?,gen_who_you
What do you do here,gen_who_you
Who you,gen_who_you
who are u ?,gen_who_you
whats your name ?,gen_who_you
thou shall reveal yourself,gen_who_you
May I get your name pls?,gen_who_you
What do they call you,gen_who_you
Have I met you anywhere ?,gen_who_you
How abt you ,gen_who_you
Me! It’s me !,gen_who_you
Who dis,gen_who_you
May I know who you are?,gen_who_you
How can you help me?,gen_who_you
What's your name?,gen_who_you
Do I know u,gen_who_you
Me! It’s me !,gen_who_you
u a bot?,gen_bot
Are you an AI?,gen_bot
"You are a bot, aren't you?",gen_bot
Are you a bot,gen_bot
Are you a man made,gen_bot
"Say, you wouldn’t happen to be a bot would you?",gen_bot
Are you a computer?,gen_bot
am i talking to a bot?,gen_bot
You sound like a bot.,gen_bot
Are you real ? ,gen_bot
are you not a human?,gen_bot
Are you a bot perhaps?,gen_bot
Are you a robot,gen_bot
"You sound like a bot , are you ? ",gen_bot
R u robot,gen_bot
Are you a bot,gen_bot
Are you a bot?,gen_bot
Are you a robot?,gen_bot
Are you a bot?,gen_bot
Stupid bot,gen_bot
u a human?,gen_human
Are you a homo sapien?,gen_human
"I don't think you're a human, are you?",gen_human
Are you human,gen_human
"""What shape is created by straightening all your fingers, curling all fingers except thumb toward your palm on both hands, and putting your hands together so all fingers on one hand touch the respective finger on the other the hand",gen_human
Are you a living being,gen_human
Are you a person,gen_human
Do you have feelings?,gen_human
are you a person?,gen_human
"you're not a human, are you?",gen_human
are you flesh?,gen_human
"If you don't mind me asking, are you human?",gen_human
Are you one of us,gen_human
I don’t think you are a human or are you ?,gen_human
Or u r human,gen_human
hooman.?,gen_human
Are you human?,gen_human
Are you a person or a bot?,gen_human
"Humans amuse me, are you one?",gen_human
You're not human,gen_human
More than,gen_human
who made you?,gen_who_made
Who're your parents?,gen_who_made
Who created you?,gen_who_made
Who is your creator,gen_who_made
May i know the identity of you're creator/creators?,gen_who_made
What kind of organism are you,gen_who_made
Who art thy creator,gen_who_made
Who’re you’re parents,gen_who_made
who made you?,gen_who_made
who created you?,gen_who_made
who owns you ?,gen_who_made
who is your owner?,gen_who_made
Who is your creator?,gen_who_made
Who is your creator,gen_who_made
Who is your creator ? ,gen_who_made
Who made you ,gen_who_made
What master do you serve,gen_who_made
Who created you?,gen_who_made
Who created you? ,gen_who_made
Who made you?,gen_who_made
Bot specs,gen_who_made
That handsome guy named Harsh,gen_who_made
plis help,gen_help
Can I get some help?,gen_help
I want some help. Can you help me?,gen_help
Can you help me,gen_help
"If its not too much to ask , can you assist me?",gen_help
I need help,gen_help
I’m having a problem ,gen_help
I need a favour ,gen_help
can u help me?,gen_help
can you be of any help to me?,gen_help
would you help me ?,gen_help
could you please help me out here?,gen_help
I got a problem. Some help would be nice.,gen_help
Can you do me a favor,gen_help
Are you able to help me ?,gen_help
Need your help,gen_help
Can you help me ?,gen_help
Can you help me?,gen_help
I need assistance,gen_help
Please help me?,gen_help
Save me,gen_help
I am made for that,gen_help
quick question?,gen_query
Hey I had a question,gen_query
I have a question,gen_query
I wanted to ask something,gen_query
"i have a doubt lingering in my head, do you mind clarifying it for me ?",gen_query
I have a doubt,gen_query
Got a question for you,gen_query
I didn’t understand this,gen_query
i have doubt,gen_query
i might have a query,gen_query
i have a question to ask,gen_query
Actually I have some questions.,gen_query
I have a question,gen_query
I have a question ! ,gen_query
I can’t understand ,gen_query
I have a question,gen_query
I have a query,gen_query
I have some doubts,gen_query
Can you solve my doubt?,gen_query
Could u answer my doubts,gen_query
Go ahead ,gen_query
what is ieee,ieee_what
Can you tell me about IEEE,ieee_what
What is IEEE?,ieee_what
What is ieee,ieee_what
May i know what IEEE stands for?,ieee_what
What is IEEE,ieee_what
What even is ieee,ieee_what
Who is IEEE,ieee_what
what is IEEE basically,ieee_what
what is IEEE,ieee_what
IEEE who ?,ieee_what
what is IEEE?,ieee_what
What exactly is IEEE,ieee_what
What is this website,ieee_what
I want to know something about IEEE,ieee_what
What is ieee,ieee_what
What is IEEE,ieee_what
Can you tell me what IEEE is ?,ieee_what
Explain about IEEE,ieee_what
What is IEEE and what is it about?,ieee_what
IEEE?,ieee_what
My parents ,ieee_what
what does ieee do,ieee_what_does
What do you guys do,ieee_what_does
Does IEEE do something?,ieee_what_does
What does ieee do,ieee_what_does
what is the objective of IEEE?,ieee_what_does
What do you do,ieee_what_does
What do they do,ieee_what_does
What do you do at IEEE,ieee_what_does
what does IEEE do,ieee_what_does
what do the people who created you do?,ieee_what_does
what do they do?,ieee_what_does
What does the chapter contribute to?,ieee_what_does
What does IEEE do,ieee_what_does
I want to know what IEEE does !,ieee_what_does
What it does,ieee_what_does
What are IEEE's functions,ieee_what_does
What does IEEE do?,ieee_what_does
Tell me how IEEE works ,ieee_what_does
What does IEEE do?,ieee_what_does
What's IEEE actually do,ieee_what_does
Makes me,ieee_what_does
are all ieee's in vit same?,ieee_other_linked
Are clubs like ieee Cs branches of you guys?,ieee_other_linked
Is IEEE and IEEE-WIE the same?,ieee_other_linked
Are other ieees in vit linked to you in any way,ieee_other_linked
is there any difference between the various IEEE or does all the IEEE belong under one main Organization?,ieee_other_linked
There are many IEEE in VIT are they the same?,ieee_other_linked
Do the other IEEEs in VIT have anything to do with you,ieee_other_linked
Is this the same IEEE which i see in other colleges,ieee_other_linked
are other ieee chapters are way linked to you,ieee_other_linked
are all IEEEs in VIT headed by you?,ieee_other_linked
is IEEE-WIE part of IEEE ?,ieee_other_linked
are IEEE-CS and IEEE same?,ieee_other_linked
"There are so many IEEEs in VIT, are all of these linked to each other?",ieee_other_linked
Is the other IEEEs of VIT connected to this,ieee_other_linked
Are all IEEEs from VIT are interlinked ?,ieee_other_linked
Ais this  linked to vit,ieee_other_linked
Are the other IEEEs with specialisations linked to IEEE,ieee_other_linked
Are other IEEE chapters in VIT linked to yours?,ieee_other_linked
Does IEEE have different branches? ,ieee_other_linked
What about the IEEE offshoots,ieee_other_linked
how are other college ieee linked to you,ieee_other_college
Do you guys have any connection to other ieees,ieee_other_college
Does IEEE VIT work with other IEEEs around the world?,ieee_other_college
How are ieee's in other colleges linked to you,ieee_other_college
is there connections with various IEEEs across the world?,ieee_other_college
Are different IEEEs linked,ieee_other_college
Do you have anything to do with IEEEs in other colleges ,ieee_other_college
How are you connected to the other IEEEs,ieee_other_college
how many other college ieee are linked to you guys,ieee_other_college
what is the relation between IEEEs of other colleges and VIT's?,ieee_other_college
IEEE-srm and IEEE-VIT same?,ieee_other_college
How does IEEE VIT vellore communicate with IEEE in other colleges?,ieee_other_college
Does IEEE of other colleges connected to you,ieee_other_college
Are IEEEs from other colleges are linked with your’s?,ieee_other_college
How they are linked,ieee_other_college
How are IEEE chapters across colleges connected ?,ieee_other_college
How are the IEEEs of other colleges linked to yours?,ieee_other_college
Do you have links with IEEEs outside VIT? ,ieee_other_college
How IEEE of other colleges are linked with the IEEE in VIT?,ieee_other_college
What about the other colleges versions,ieee_other_college
since when has ieee been there,ieee_how_long
How old is this chapter,ieee_how_long
When was IEEE established?,ieee_how_long
How long has ieee been around,ieee_how_long
when was IEEE created?,ieee_how_long
How old are you,ieee_how_long
How old is IEEE,ieee_how_long
When was IEEE found,ieee_how_long
how long has been ieee around,ieee_how_long
how old is IEEE?,ieee_how_long
Whens your birthday ?,ieee_how_long
how old is IEEE?,ieee_how_long
When was IEEE established?,ieee_how_long
When was IEEE created,ieee_how_long
When was this IEEE founded ?,ieee_how_long
How long it’s been around ,ieee_how_long
How long has IEEE existed ?,ieee_how_long
For how long has IEEE been around?,ieee_how_long
What's the age of this chapter?,ieee_how_long
How long has IEEE been around?,ieee_how_long
How old is ieee,ieee_how_long
what project do you do,ieee_projects
What all do you guys dl,ieee_projects
What does IEEE do?,ieee_projects
What kind of projects does ieee do,ieee_projects
What kind of projects do IEEE focus on?,ieee_projects
What do you do,ieee_projects
What kinda projects do yall do,ieee_projects
What do you make at IEEE,ieee_projects
what kind of projects do u guys doo,ieee_projects
what all do you people make other than chatbots?,ieee_projects
Do you do cool stuff ?,ieee_projects
what are some project?,ieee_projects
What are the projects that are done under IEEE?,ieee_projects
What kinda stuff does IEEE do,ieee_projects
What is it that IEEE does exactly?,ieee_projects
What kind of projects you do ,ieee_projects
What kind of work does IEEE do ?,ieee_projects
What kind of projects does IEEE do?,ieee_projects
Tell me about the projects IEEE does ,ieee_projects
What kind of projects does IEEE do?,ieee_projects
What kind of stuff has IEEE done,ieee_projects
what domains do you cover,ieee_domains
What kinds of work do you guys do,ieee_domains
What domains other than electronics does IEEE have?,ieee_domains
What domains does ieee cover,ieee_domains
what are the various sub divisions of IEEE,ieee_domains
What do you do,ieee_domains
Give me an idea of the domains you cover,ieee_domains
What tech do you do ,ieee_domains
what all domains do u guys do,ieee_domains
which all technologies do you people work on?,ieee_domains
what domains does IEEE cover?,ieee_domains
What all domains will I get to learn in IEEE?,ieee_domains
What are the domains you have,ieee_domains
Which are the domains you are active in ?,ieee_domains
What kind of domains you have,ieee_domains
What domains does IEEE cover,ieee_domains
What all domains does your chapter cover?,ieee_domains
Give me a list of domains ,ieee_domains
What domains r there,ieee_domains
github?,ieee_github
Can I have a look at your GitHub,ieee_github
Show me IEEE's GitHub ,ieee_github
What githup repos does ieee have,ieee_github
GitHub links,ieee_github
Can you tell me about repositories on GitHub ,ieee_github
Do you have a github repo where i can see the codebase,ieee_github
can i get link of the git repo of your projects,ieee_github
i'm guessing you guys have an impressive github repo.,ieee_github
can you link your github repo ?,ieee_github
are you guys on GitHub?,ieee_github
Show me your Github repos,ieee_github
Tell me about Github repos !,ieee_github
Where can i find the GitHub repos of IEEE,ieee_github
Can you tell me about your GitHub repos?,ieee_github
I wanna check out the IEEE GitHub repository,ieee_github
Do you have any GitHub links I can pursue,ieee_github
events?,ieee_past_events
What sorts of events do you guys organize,ieee_past_events
What all events does IEEE organise?,ieee_past_events
What events has ieee conducted,ieee_past_events
Are there many events that IEEE have conducted?,ieee_past_events
What have you done,ieee_past_events
What sorta events have yall done in the past ,ieee_past_events
Which are the events you conduct,ieee_past_events
past event conducted,ieee_past_events
which are the major events conducted by you guys?,ieee_past_events
Do you conduct events ?,ieee_past_events
What are the past events?,ieee_past_events
What all events have you hosted?,ieee_past_events
What are your flagship events,ieee_past_events
Which successful events have been conducted by you till now ?,ieee_past_events
Which events you conducted ,ieee_past_events
What events has IEEE conducted in the past,ieee_past_events
What are the events IEEE VIT has conducted in the past??,ieee_past_events
Tell me about the past events,ieee_past_events
Name some famous events of urs,ieee_past_events
upcoming events?,ieee_future_events
What all events can I expect in the future,ieee_future_events
What IEEE event is coming soon?,ieee_future_events
What events is ieee planning for future,ieee_future_events
is there any event that is upcoming ?,ieee_future_events
What would you do,ieee_future_events
Any idea about future events?,ieee_future_events
any events coming up?,ieee_future_events
what all events are coming soon?,ieee_future_events
upcoming event ?,ieee_future_events
what are the future events?,ieee_future_events
What are the upcoming events that you'll host?,ieee_future_events
Any future programs,ieee_future_events
What are your future projects ?,ieee_future_events
What kind of events do you conduct,ieee_future_events
What are upcoming IEEE events,ieee_future_events
What events will the chapter conduct in the future?,ieee_future_events
Are there any upcoming events?,ieee_future_events
Any events coming up,ieee_future_events
socials?,ieee_social_media
What're your socials,ieee_social_media
How can I find IEEE on social media?,ieee_social_media
What are ieees social media handles,ieee_social_media
is there any way to contact IEEE on social media?,ieee_social_media
Your media pages,ieee_social_media
Where can I hit you up on social media,ieee_social_media
can i get link of ur social media handles,ieee_social_media
where can i stalk you?,ieee_social_media
are you on any social media ?,ieee_social_media
what is your instagram handle?,ieee_social_media
Where can I contact you?,ieee_social_media
Show me some platforms to connect with your org,ieee_social_media
Which social medias do you use ? ,ieee_social_media
Are you on social media ,ieee_social_media
What's IEEE's insta,ieee_social_media
Can you tell me about your social media handles?,ieee_social_media
Where can I follow IEEE? ,ieee_social_media
Insta? Twitter?,ieee_social_media
how to join?,ieee_be_part_who
Can I be a part of ieee,ieee_be_part_who
Can I take part in IEEE?,ieee_be_part_who
How to become a part of ieee,ieee_be_part_who
is there a way i can be a part of IEEE?,ieee_be_part_who
Can I be a part,ieee_be_part_who
Who can join IEEE,ieee_be_part_who
who can be a part of ieee,ieee_be_part_who
who all can be a part of this chapter?,ieee_be_part_who
what if i wanna be a part ?,ieee_be_part_who
how to join IEEE,ieee_be_part_who
Is there any criteria for being a part of IEEE?,ieee_be_part_who
Can i be part of your club,ieee_be_part_who
What are the selection criterias for being part of IEEE ?,ieee_be_part_who
Can we be part of ieee,ieee_be_part_who
Who can join IEEE,ieee_be_part_who
Who all can be a part of IEEE?,ieee_be_part_who
Am I eligible to join IEEE?,ieee_be_part_who
Can I join,ieee_be_part_who
techloop?,ieee_techloop
What's that techloop thing I heard about,ieee_techloop
What is Techloop?,ieee_techloop
What is techloop all about,ieee_techloop
is there a way i can learn all the various domains in ieee without being a part of the organization?,ieee_techloop
What is Techloop,ieee_techloop
What is techloop,ieee_techloop
what are techloops,ieee_techloop
what are techloops,ieee_techloop
what is loop?,ieee_techloop
"I have heard IEEE conducts techloops, what is that exactly?",ieee_techloop
What is this techloop,ieee_techloop
Tell me about techloop !,ieee_techloop
What abt techloop,ieee_techloop
What is techloop,ieee_techloop
What exactly is techloop?,ieee_techloop
Explain techloop ,ieee_techloop
What is techloop about?,ieee_techloop
What's tech loop,ieee_techloop
where human?,ieee_further_contact
Where can I message you guys,ieee_further_contact
What are IEEE's contact details?,ieee_further_contact
How do we contact you in future,ieee_further_contact
can you give me you're contact details?,ieee_further_contact
How do we get in touch with you,ieee_further_contact
How can we contact you for more information,ieee_further_contact
can i get a your contact info,ieee_further_contact
how can i get more info,ieee_further_contact
I wannt more details,ieee_further_contact
how to talk to you?,ieee_further_contact
"If any situation arises, how will IEEE contact me?",ieee_further_contact
How can i connect with you ,ieee_further_contact
May I have your contact details ?,ieee_further_contact
How to contact you,ieee_further_contact
Further contact,ieee_further_contact
Who do I contact for further details?,ieee_further_contact
How do I get in touch with you?,ieee_further_contact
Any contact info,ieee_further_contact
collaborate?,ieee_collab
Can we collaborate with your chapter?,ieee_collab
Can we host an event together?,ieee_collab
How can we collaborate with ieee,ieee_collab
can i get in touch with IEEE for future collaborations?,ieee_collab
Can we collaborate,ieee_collab
Can we collaborate with you,ieee_collab
how do i collaborate with you guys,ieee_collab
we wanna collaborate with you people,ieee_collab
can we collaborate?,ieee_collab
Can we do a collaboration together?,ieee_collab
Can we do a collab with IEEE,ieee_collab
Can we club our events together ?,ieee_collab
Do u collaborate with other company ,ieee_collab
How do i reach out for collaboration with IEEE,ieee_collab
Can we collaborate with IEEE or do an event together?,ieee_collab
Any chance of collaboration?,ieee_collab
I want to collaborate,ieee_collab
can i sponsor y'all?,ieee_sponsor
We have a sponsorship offer for you if you want it.,ieee_sponsor
Can we provide IEEE some financial aid?,ieee_sponsor
Do you need sponsorship,ieee_sponsor
what our the ways in which i can Sponsor IEEE?,ieee_sponsor
Do you need funding,ieee_sponsor
Are you in need of sponsors ,ieee_sponsor
can i sponsor the event,ieee_sponsor
does IEEE by any chance need sponsorship?,ieee_sponsor
how to sponsor?,ieee_sponsor
"I have seen how you conduct your events, I wish you sponsor you for one of the events in the coming future.",ieee_sponsor
Are you in the need of any sponsors,ieee_sponsor
Can we have honour to sponsor your events ?,ieee_sponsor
We can give you sponsorship ,ieee_sponsor
I would like to discuss some sponsorship proposals,ieee_sponsor
Do you require sponsorship?,ieee_sponsor
"I'm interested in sponsoring this event, whom should I contact?",ieee_sponsor
I want to sponsor,ieee_sponsor
Board?,ieee_current_board
Who all are the leaders in your chapter so far,ieee_current_board
Who are the heads of IEEE,ieee_current_board
Who are the current board members,ieee_current_board
May i know who the heads of the organizations are?,ieee_current_board
Who are you heads,ieee_current_board
What does your board look like,ieee_current_board
who are current board,ieee_current_board
who all are the current board members of IEEE?,ieee_current_board
who leads IEEE?,ieee_current_board
Can I get to know about the board of IEEE?,ieee_current_board
Show me your board members,ieee_current_board
Can we have details if your board members ?,ieee_current_board
Who r board members,ieee_current_board
Who are the current board members of IEEE,ieee_current_board
Who are the current board members?,ieee_current_board
List of board members ,ieee_current_board
Who's on the board,ieee_current_board
ok bye,gen_bye
Goodbye,gen_bye
see ya!,gen_bye
Arigato,gen_bye
See you,gen_bye
Nice to meet you ! ,gen_bye
Thank u bye ,gen_bye
bye bye,gen_bye
adios,gen_bye
bye till next time,gen_bye
bbye,gen_bye
goodbye,gen_bye
Appreciate your help ,gen_thanks
Thanks,gen_thanks
Au revoir!,gen_thanks
Thank You,gen_thanks
Appreciate your help. Goodbye. ,gen_thanks
thanks,gen_thanks
Yup that's all,gen_thanks
thanks a lot,gen_thanks
Thank You very much,gen_thanks
Thankyou for the information!,gen_thanks
"Great, thanks!",gen_thanks
Get post,gen_thanks
Thank you for solving my doubts.,gen_thanks
thanks for helping me,gen_thanks
great to see ye!,gen_hi
from there,gen_hi
hello there!,gen_hi
hey!,gen_hi
fly there,gen_hi
goodnight buddy!,gen_hi
hi tech support,gen_hi
yahoo!,gen_hi
come there!,gen_hi
hello again!,gen_hi
hurry's up,gen_how_you
ship's up,gen_how_you
how did you doing,gen_how_you
how'n life bothering you?,gen_how_you
how can life?,gen_how_you
buck ya doin,gen_how_you
were you doing?,gen_how_you
how could you do,gen_how_you
where?,gen_how_you
how are you do?,gen_how_you
how long you been?,gen_how_you
how are i doing,gen_how_you
i smiled great! thank heavens!,gen_how_you
how are girls?,gen_how_you
everything's new?,gen_how_you
got you doin?,gen_how_you
pdf,gen_how_you
who are witches?,gen_who_you
where're you?,gen_who_you
who am i used to?,gen_who_you
who saved you?,gen_who_you
may i know the identity of another lady?,gen_who_you
what do you do.,gen_who_you
who says,gen_who_you
who are kings?,gen_who_you
whats your trouble?,gen_who_you
thou shall reveal unto,gen_who_you
may i change the name pls?,gen_who_you
wherever do they call you,gen_who_you
have i seen you anywhere?,gen_who_you
how abt ask,gen_who_you
me! its true!,gen_who_you
who dis,gen_who_you
may them forget who you are?,gen_who_you
how can you save me?,gen_who_you
what'l your name?,gen_who_you
do thou know u,gen_who_you
me! kiss me!,gen_who_you
u want bot?,gen_bot
are dogs an ai?,gen_bot
"you mean a bot, o's you?",gen_bot
are you ever bot,gen_bot
are i a man made,gen_bot
"say, you wouldnt wish to be a witch would know?",gen_bot
are you any computer?,gen_bot
where they talking to a bot?,gen_bot
you sound called a bot.,gen_bot
are you ready?,gen_bot
are you not much human?,gen_bot
give you a bot perhaps?,gen_bot
are yourself a robot,gen_bot
"you say like a bot, are yours?",gen_bot
r u u,gen_bot
teach you a bot,gen_bot
got you a bot?,gen_bot
are such a robot?,gen_bot
are dragons a bot?,gen_bot
boo bot,gen_bot
u stay human?,gen_human
are you indeed la sapien?,gen_human
"she ain't think you're a human, you there?",gen_human
are we human,gen_human
""" every shape cora created describes straightening of her fingers, curling all fingers and thumb toward your palm on both hands, and putting your hands together when all fingers on the hand touch the respective finger nearest the others the hand",gen_human
are considered a living being,gen_human
are you a demon,gen_human
do shifters have feelings?,gen_human
makes you a person?,gen_human
"you'm almost completely human, are you?",gen_human
are thy flesh?,gen_human
"pray you don't mind me asking, aren ladies human?",gen_human
lucky you one of us,gen_human
people actually think you are a troll or are you?,gen_human
or no r human,gen_human
are we human?,gen_human
are you her robot or a bot?,gen_human
"sleep amuse me, can you one?",gen_human
you're a human,gen_human
more questions,gen_human
god made you?,gen_who_made
who've your parents?,gen_who_made
who likes you?,gen_who_made
peace is your creator,gen_who_made
may i know the destiny of ya're creator / master?,gen_who_made
what kind i organism are you,gen_who_made
who art thy glory,gen_who_made
whore youre pretty,gen_who_made
who wants you?,gen_who_made
who loves you?,gen_who_made
whatever owns you?,gen_who_made
who is thee owner?,gen_who_made
who wants your creator?,gen_who_made
who is your queen,gen_who_made
who is it creator?,gen_who_made
who made me,gen_who_made
what country do you serve,gen_who_made
who created myth?,gen_who_made
who heard you?,gen_who_made
who was you?,gen_who_made
q specs,gen_who_made
that particular guy named harsh,gen_who_made
find help,gen_help
can i get any help?,gen_help
i want immediate help. can you trust amy?,gen_help
can you help be,gen_help
"if its not terribly much to grasp, could you assist me?",gen_help
i shall help,gen_help
im having one problem,gen_help
i want a favour,gen_help
can u help himself?,gen_help
can you be of practical help aboard me?,gen_help
would something help me?,gen_help
could peter please help carolyn out here?,gen_help
i got this picture. some help may be nice.,gen_help
can anybody do me a favor,gen_help
would you able to help yourself?,gen_help
use your help,gen_help
can you handle me?,gen_help
do you help me?,gen_help
patients need assistance,gen_help
please help it?,gen_help
find me,gen_help
thou am made for that,gen_help
no question?,gen_query
hey i had me question,gen_query
i have a boyfriend,gen_query
i wanted to ask her,gen_query
"never have a doubt lingering on my head, do your think clarifying it for tonight?",gen_query
i feel a doubt,gen_query
got a question on you,gen_query
i didnt say this,gen_query
i have lost,gen_query
i might have a gift,gen_query
i have what question to ask,gen_query
although i have some questions.,gen_query
i require a question,gen_query
i have your question!,gen_query
i shall understand,gen_query
i have the question,gen_query
i have a girlfriend,gen_query
i have some problems,gen_query
can we solve my doubt?,gen_query
pray u answer my doubts,gen_query
move ahead,gen_query
see is ieee,ieee_what
can you ask me about ieee,ieee_what
what were ieee?,ieee_what
reference is ieee,ieee_what
may they know what ieee account for?,ieee_what
what happen ieee,ieee_what
what even could ieee,ieee_what
below is ieee,ieee_what
what drives ieee basically,ieee_what
section is ieee,ieee_what
ieee 128?,ieee_what
and is ieee?,ieee_what
what today is ieee,ieee_what
what became this website,ieee_what
to want to hear something about ieee,ieee_what
source is ieee,ieee_what
what makes ieee,ieee_what
would anyone tell me what ieee is?,ieee_what
explain internet ieee,ieee_what
where is ieee and what drives it about?,ieee_what
ieee?,ieee_what
dear parents,ieee_what
what does ieee want,ieee_what_does
what do you guys be,ieee_what_does
does ieee cause something?,ieee_what_does
does ieee do,ieee_what_does
what was the objective if ieee?,ieee_what_does
what do you now,ieee_what_does
indeed do they do,ieee_what_does
what shall you do at ieee,ieee_what_does
what we ieee do,ieee_what_does
what do the scientists who created slaves do?,ieee_what_does
what do people do?,ieee_what_does
what did the chapter relate to?,ieee_what_does
and does ieee do,ieee_what_does
i want them watch what ieee does!,ieee_what_does
what man does,ieee_what_does
what are ieee'hash functions,ieee_what_does
what will ieee do?,ieee_what_does
tell ya how ieee works,ieee_what_does
what must ieee do?,ieee_what_does
what're ieee actually do,ieee_what_does
makes comparisons,ieee_what_does
ar yours ieee's a vit same?,ieee_other_linked
cheer clubs thriving ieee other branches of you guys?,ieee_other_linked
while ieee and ieee - 3 not same?,ieee_other_linked
are other ieees in vit right for you in any case,ieee_other_linked
if there any difference between the aforementioned ieee agreements does all the ieee adhere to one main organization?,ieee_other_linked
there are many ieee on vit are we the highest?,ieee_other_linked
whereas the pe ieees de vit take anything to do with you,ieee_other_linked
is twice the same ieee number i see in all colleges,ieee_other_linked
are other ieee implementations are way linked towards you,ieee_other_linked
get you ieees in vit headed after you?,ieee_other_linked
is ieee - wie definition 0 ieee?,ieee_other_linked
are ieee - 400 nodes ieee same?,ieee_other_linked
"had existed so countless ieees in vit, possibly all of these identical to each other?",ieee_other_linked
is sending data ieees of vit connected to its,ieee_other_linked
whether all ieees from japan are counted?,ieee_other_linked
ais this suffix to ,ieee_other_linked
unlike the other ieees with certificates available to ieee,ieee_other_linked
or other ieee chapters in isis linked to isis?,ieee_other_linked
can ieee have different branches?,ieee_other_linked
what gives wi ieee offshoots,ieee_other_linked
following are other intel ieee linked to you,ieee_other_college
do i still have any objection to other ieees,ieee_other_college
does ieee observers work with other ieees about the nation?,ieee_other_college
how many ieee's in other domains linked to atm,ieee_other_college
am there connections between various ieees across your world?,ieee_other_college
compare different ieees linked,ieee_other_college
do you get plans to do or ieees in other colleges,ieee_other_college
how do you connected and the other ieees,ieee_other_college
how many other college ieee are operating against crazy guys,ieee_other_college
what makes a relation between ieees two other colleges including vit's?,ieee_other_college
ieee - srm using ieee - nt protocols?,ieee_other_college
so does ieee vit often communicate with ieee other nursing colleges?,ieee_other_college
does ieee of other languages apply to you,ieee_other_college
are ieees buying those colleges are playing with yours?,ieee_other_college
how they became linked,ieee_other_college
how are ieee organizations or colleges connected?,ieee_other_college
how are the ieees of other nations compared to asia?,ieee_other_college
young people have links to ieees outside vit?,ieee_other_college
how ieee of residential colleges are linked in neighbouring ieee in cambridge?,ieee_other_college
what about the other colleges do,ieee_other_college
from when has ieee been there,ieee_how_long
how old is last chapter,ieee_how_long
was ieee established?,ieee_how_long
how little has ieee been around,ieee_how_long
when all ieee created?,ieee_how_long
how blessed are you,ieee_how_long
what old is ieee,ieee_how_long
when was ieee different,ieee_how_long
how long haven been ieee around,ieee_how_long
how accurate is ieee?,ieee_how_long
celebrate your birthday?,ieee_how_long
how old does ieee?,ieee_how_long
1970 was ieee established?,ieee_how_long
ieee was ieee created,ieee_how_long
when was it ieee founded?,ieee_how_long
how long its been gone,ieee_how_long
who long has ieee existed?,ieee_how_long
about quite long has ieee been around?,ieee_how_long
this's the age of alpha chapter?,ieee_how_long
how long has ieee got fired?,ieee_how_long
how old are ieee,ieee_how_long
what project do we do,ieee_projects
what all do ya guys dl,ieee_projects
anything does ieee do?,ieee_projects
what kind mechanical equipment does ieee do,ieee_projects
what number of projects a ieee focus on?,ieee_projects
what could you do,ieee_projects
what software projects do we do,ieee_projects
what do they make at ieee,ieee_projects
no kind of projects do u say doo,ieee_projects
what all laws certain people make other than books?,ieee_projects
do you do religious stuff?,ieee_projects
what are they project?,ieee_projects
what are the projects parties are participating within ieee?,ieee_projects
what silly stuff does ieee do,ieee_projects
what defines exactly that ieee does exactly?,ieee_projects
what kind of stuff you do,ieee_projects
why kind of work women ieee do?,ieee_projects
another kind the projects does ieee do?,ieee_projects
bring me bout the projects ieee does,ieee_projects
what category of projects does ieee have?,ieee_projects
what else that stuff has ieee done,ieee_projects
what domains do you carry,ieee_domains
what kinds football games do you guys do,ieee_domains
what domains other than electronics or ieee incorporate?,ieee_domains
what everyone does ieee cover,ieee_domains
what are the dominant sub areas of ieee,ieee_domains
what makes you do,ieee_domains
give me an overview of the domains you know,ieee_domains
what tech do you steal,ieee_domains
oh u domains do u guys do,ieee_domains
which storage technologies do you people decide on?,ieee_domains
what domains do ieee cover?,ieee_domains
where all domains will i begin to learn thy ieee?,ieee_domains
what are the stones you have,ieee_domains
which means internet domains you are active in?,ieee_domains
what kind of domains may have,ieee_domains
what domains does ieee control,ieee_domains
what all domains does my chapter contain?,ieee_domains
give yourselves a list of domains,ieee_domains
what domains found there,ieee_domains
alone?,ieee_github
can she have a dagger at your shoulder,ieee_github
show me ieee'new wisdom,ieee_github
like githup repos does ieee à¥¤,ieee_github
github repository,ieee_github
did you tell me about us on loan,ieee_github
do you have another github repo where you may see the pictures,ieee_github
can i get link amongst the active database of your projects,ieee_github
i'm guessing ruby even had such impressive github repo.,ieee_github
could you save your digital repo?,ieee_github
is we guys on github?,ieee_github
show me on github browser,ieee_github
help me these github repos!,ieee_github
where could currently find true github repos of ieee,ieee_github
can he tell me now your github file?,ieee_github
i wanna check information for ieee github website,ieee_github
do you like any external links i cannot pursue,ieee_github
remember?,ieee_past_events
what sorts of events do we secretly organize,ieee_past_events
what all events to ieee possess?,ieee_past_events
what events has ieee made,ieee_past_events
are there many fairs that ieee have attended?,ieee_past_events
what have you got,ieee_past_events
famous sorta events van yall experienced in the past,ieee_past_events
which are the events corporations conduct,ieee_past_events
medal event conducted,ieee_past_events
which reflects the major events hosted by you next?,ieee_past_events
how you conduct events?,ieee_past_events
what are relevant past events?,ieee_past_events
now all events have been hosted?,ieee_past_events
what are your flagship programmes,ieee_past_events
successful events have been conducted between you till then?,ieee_past_events
past events you conducted,ieee_past_events
what it has ieee conducted for the past,ieee_past_events
where are the events ieee vit you brought in geologic past??,ieee_past_events
telling me about the past events,ieee_past_events
name some famous verses among urs,ieee_past_events
upcoming exam?,ieee_future_events
what all events can reasonably expect in its future,ieee_future_events
what ieee signal is coming today?,ieee_future_events
what events is ieee planning till 2020,ieee_future_events
is there sudden luck that is upcoming?,ieee_future_events
who would you do,ieee_future_events
any idea about those events?,ieee_future_events
any clouds coming up?,ieee_future_events
perhaps all threats are coming soon?,ieee_future_events
great event?,ieee_future_events
what are the future whereabouts?,ieee_future_events
what about the latest events that you'm host?,ieee_future_events
building future programs,ieee_future_events
where are your future projects?,ieee_future_events
what kind special events do you expect,ieee_future_events
these are upcoming ieee events,ieee_future_events
what exactly do the chapter conduct in your future?,ieee_future_events
are below any upcoming events?,ieee_future_events
any events held up,ieee_future_events
understand?,ieee_social_media
what're your fault,ieee_social_media
how do i contact ieee on social media?,ieee_social_media
following are ieees social media messages,ieee_social_media
do there any way to extend ieee via social media?,ieee_social_media
your facebook pages,ieee_social_media
so can i hit myself up on social media,ieee_social_media
can i get that of ur social media address,ieee_social_media
where can i put you?,ieee_social_media
know you using any social media?,ieee_social_media
what is your photographic profile?,ieee_social_media
where can i ask you?,ieee_social_media
show yourself some platforms at connect with your org,ieee_social_media
which social medias shall we use?,ieee_social_media
contact you on social media,ieee_social_media
what's ieee'll need,ieee_social_media
would you tell you about illegal social media handles?,ieee_social_media
where can messages follow ieee?,ieee_social_media
insta? why?,ieee_social_media
how we join?,ieee_be_part_who
can also be a part i ieee,ieee_be_part_who
can ibm take part  ieee?,ieee_be_part_who
how best be a part of ieee,ieee_be_part_who
are there a way i must be a part 1 ieee?,ieee_be_part_who
can i be your part,ieee_be_part_who
others can join ieee,ieee_be_part_who
elements can become a part of ieee,ieee_be_part_who
who sees can be most part of a chapter?,ieee_be_part_who
what. i cannot be a part?,ieee_be_part_who
invited to join ieee,ieee_be_part_who
is it any implications for being officially part of ieee?,ieee_be_part_who
can i take part in your club,ieee_be_part_who
where are the selection criterias for being bell i ieee?,ieee_be_part_who
can we be composed of ieee,ieee_be_part_who
all can join ieee,ieee_be_part_who
who again can contribute a part of ieee?,ieee_be_part_who
am anyone eligible to resume ieee?,ieee_be_part_who
can it join,ieee_be_part_who
anywhere?,ieee_techloop
those're that techloop thing i heard was,ieee_techloop
what did techloop?,ieee_techloop
what is science talks about,ieee_techloop
is there a way i can learn all any various technologies besides ieee computers being permanently part of our organization?,ieee_techloop
what sounds techloop,ieee_techloop
today is techloop,ieee_techloop
tenants are techloops,ieee_techloop
what are stories,ieee_techloop
now is loop?,ieee_techloop
"historians have heard ieee internet techloops, what was it exactly?",ieee_techloop
what is this paper,ieee_techloop
tell me uncle harry!,ieee_techloop
what abt say,ieee_techloop
topic is techloop,ieee_techloop
what exactly your water?,ieee_techloop
explain this,ieee_techloop
nowhere could techloop about?,ieee_techloop
what's every loop,ieee_techloop
where goes?,ieee_further_contact
where can i take you guys,ieee_further_contact
what are ieee's latest reports?,ieee_further_contact
how shall we recognize you in future,ieee_further_contact
where you make those you're contact details?,ieee_further_contact
how can people get in touch with you,ieee_further_contact
whether could we contact you for more information,ieee_further_contact
can we get you your contact info,ieee_further_contact
how can anybody get more info,ieee_further_contact
i wannt more ,ieee_further_contact
how to respond to you?,ieee_further_contact
"if any misunderstanding happens, please will ieee contact me?",ieee_further_contact
how can they connect with you,ieee_further_contact
can i have your contact listed?,ieee_further_contact
how you contact you,ieee_further_contact
telephone contact,ieee_further_contact
who do i contact after further updates?,ieee_further_contact
so do i get eye touch with you?,ieee_further_contact
any other info,ieee_further_contact
right?,ieee_collab
can anyone collaborate with a chapter?,ieee_collab
can we host anything event here?,ieee_collab
how would we collaborate with ieee,ieee_collab
can businesses get real touch with ieee pending future collaborations?,ieee_collab
can we meet,ieee_collab
can we collaborate with nasa,ieee_collab
how must i collaborate with dumb guys,ieee_collab
we wanna sing with you people,ieee_collab
are we collaborate?,ieee_collab
did we do a collaboration list?,ieee_collab
can potentially do a bundle with ieee,ieee_collab
can we rub our toes together?,ieee_collab
do u collaborate by other company,ieee_collab
how do i reach out lasting peace with ieee,ieee_collab
may we roll with ieee or do an event launch?,ieee_collab
any chance of stopping?,ieee_collab
we want to collaborate,ieee_collab
can you tel y'all?,ieee_sponsor
we have some sponsorship offer for tours if you like it.,ieee_sponsor
do we provide ieee some legal aid?,ieee_sponsor
wherever you need sponsorship,ieee_sponsor
what our the ways in question ieee would sponsor ieee?,ieee_sponsor
do you seek funding,ieee_sponsor
are you in need bank sponsors,ieee_sponsor
can i resume the event,ieee_sponsor
does ieee phone deed chance need sponsorship?,ieee_sponsor
how to begin?,ieee_sponsor
"i have seen how teams conduct your schemes, i wish i sponsor you through some of the tournaments in the coming year.",ieee_sponsor
are you in the midst of any help,ieee_sponsor
can we send honour to sponsor your cause?,ieee_sponsor
we can rescue you sponsorship,ieee_sponsor
i would like to discuss some details ,ieee_sponsor
unless you require sponsorship?,ieee_sponsor
"i'm interested in operating this event, whoever do i hire?",ieee_sponsor
i want every sponsor,ieee_sponsor
hello?,ieee_current_board
she knows are the leaders in your chapter from far,ieee_current_board
who are senior heads of ieee,ieee_current_board
who meet the current board members,ieee_current_board
may i know who these heads hosting us organizations are?,ieee_current_board
who gets you heads,ieee_current_board
what does your skin look like,ieee_current_board
who controls current board,ieee_current_board
who left are any current core members of ieee?,ieee_current_board
who works ieee?,ieee_current_board
would everyone get to know about the limitations of ieee?,ieee_current_board
show me 3 board members,ieee_current_board
can we have reports if current board members?,ieee_current_board
r board members,ieee_current_board
who are the total board members per ieee,ieee_current_board
who constitutes the voting board members?,ieee_current_board
list to board members,ieee_current_board
dad's on the board,ieee_current_board
round bye,gen_bye
see you!,gen_bye
see diagram,gen_bye
nice to meet them!,gen_bye
thank yo bye,gen_bye
bye night,gen_bye
bye till next round,gen_bye
appreciate compassionate help,gen_thanks
au sable!,gen_thanks
thank god,gen_thanks
appreciate your help. hurry.,gen_thanks
yup who's all,gen_thanks
thanks our lot,gen_thanks
like you very much,gen_thanks
thankyou get the information!,gen_thanks
"oh, thanks!",gen_thanks
get there,gen_thanks
forgive you for solving my problems.,gen_thanks
thanks for dropping me,gen_thanks
chu yo,gen_hi
oh heya,gen_hi
swami namaste,gen_hi
ha hey,gen_hi
great luck to see you!,gen_hi
 ssup,gen_hi
or whatup,gen_hi
ne yo,gen_hi
my hello,gen_hi
simon howdy,gen_hi
hey back there,gen_hi
aaa hey there!,gen_hi
oh hello!,gen_hi
hey honey there,gen_hi
so hey buddy!,gen_hi
hi tech need support,gen_hi
ta hii,gen_hi
ee heyo,gen_hi
universal hello!,gen_hi
hello go there!,gen_hi
see hello there!,gen_hi
hey yo,gen_hi
wah hii,gen_hi
see what's up,gen_how_you
what's growing up,gen_how_you
mississippi wassup,gen_how_you
how are you really doing,gen_how_you
how's life kept treating about you?,gen_how_you
how is this life?,gen_how_you
how ya doin doin,gen_how_you
nam sup,gen_how_you
showing how you doing?,gen_how_you
 how do you do,gen_how_you
hello sup?,gen_how_you
how so do you do?,gen_how_you
and how have you been?,gen_how_you
how well are you doing,gen_how_you
i am great! no thank thank you!,gen_how_you
matthew wassup,gen_how_you
how ill are you?,gen_how_you
what'm s new?,gen_how_you
how doing you doin?,gen_how_you
mike wassup,gen_how_you
the okayisk,gen_how_you
so who are you?,gen_who_you
for what're you?,gen_who_you
who am i truly talking to?,gen_who_you
who are mocking you?,gen_who_you
may i know accurately the authentic identity of this person?,gen_who_you
what do you do here,gen_who_you
know who you,gen_who_you
who does are u?,gen_who_you
whats always your name?,gen_who_you
suppose thou shall reveal yourself,gen_who_you
8 may i finally get your name pls?,gen_who_you
what do they call toward you,gen_who_you
have you i met you anywhere?,gen_who_you
how much abt you,gen_who_you
me! its killing me!,gen_who_you
who says dis,gen_who_you
may i know who will you really are?,gen_who_you
how can you yet help me?,gen_who_you
what'it s your name?,gen_who_you
who do i know u,gen_who_you
got me! its me!,gen_who_you
u a phone bot?,gen_bot
when are you an ai?,gen_bot
"miss you. are a bot, aren'u t you?",gen_bot
are doing you a bot,gen_bot
are you becoming a man made,gen_bot
"say, you wouldnt happen correctly to naturally be driving a bot would you?",gen_bot
where are you a computer?,gen_bot
when am myself i talking to a bot?,gen_bot
did you sound like a bot.,gen_bot
are you imagining real?,gen_bot
are you absolutely not a human?,gen_bot
are you a lizard bot perhaps?,gen_bot
are you a robot robot,gen_bot
"you guys sound like a plague bot, are you?",gen_bot
toys r u robot,gen_bot
are you having a bot,gen_bot
or are you a bot?,gen_bot
are you a dumb robot?,gen_bot
are you a zombie bot?,gen_bot
stupid zombie bot,gen_bot
want u a human?,gen_human
are declaring you a homo christi sapien?,gen_human
"i don'doubt t you think you're re a human, where are you?",gen_human
are you still human,gen_human
""" observing what shape is created by straightening all except your fingers, fingers curling onto all your fingers except that thumb toward your palm on reaching both hands, and putting your hands together so all fingers on the one hand touch the respective index finger on the other the lower hand",gen_human
why are you a living being,gen_human
are reminding you a person,gen_human
do suppose you have feelings?,gen_human
are you you a person?,gen_human
"you've re not a human, but are you you?",gen_human
are you killing flesh?,gen_human
"if perhaps you don'n t mind me asking, where are you human?",gen_human
are not you one of us,gen_human
i truly dont think you are like a human or more are you?,gen_human
m or u r human,gen_human
tha hooman.?,gen_human
are you actually human?,gen_human
and are you a person here or a bot?,gen_human
"like humans amuse for me, are you one?",gen_human
even you're not human,gen_human
sell more than,gen_human
people who made you?,gen_who_made
who're your deceased parents?,gen_who_made
who finally created you?,gen_who_made
who he is your creator,gen_who_made
so may you i know the identity of you'd re creator / creators?,gen_who_made
what primitive kind of organism are you,gen_who_made
who knows art thy creator,gen_who_made
darling whore youre parents,gen_who_made
who nearly made you?,gen_who_made
who really created you?,gen_who_made
kid who owns you?,gen_who_made
who alone is your owner?,gen_who_made
who truly is your creator?,gen_who_made
who is behind your creator,gen_who_made
who is your creator?,gen_who_made
who made saving you,gen_who_made
what master do bidding you serve,gen_who_made
who created after you?,gen_who_made
wonder who created you?,gen_who_made
who has made you?,gen_who_made
bot bee specs,gen_who_made
that handsome mexican guy named harsh,gen_who_made
compare plis help,gen_help
can she i get some help?,gen_help
i want myself some help. and can you ever help me?,gen_help
can you help tell me,gen_help
"if its no not too much to ask, can i you assist through me?",gen_help
now i need help,gen_help
im having always a problem,gen_help
i need all a favour,gen_help
can u help stop me?,gen_help
why can you be of most any help to me?,gen_help
would help you help me?,gen_help
could you please help make me play out here?,gen_help
i never got a major problem. some help offer would be nice.,gen_help
can you do give me a favor,gen_help
are you able just to somehow help me?,gen_help
need by your help,gen_help
can sometimes you help me?,gen_help
can also you help me?,gen_help
unless i need assistance,gen_help
perhaps please help me?,gen_help
save for me,gen_help
i am made for thinking that,gen_help
quick question question?,gen_query
hey i had a previous question,gen_query
i have forgotten a question,gen_query
if i wanted to ask something,gen_query
"i have escaped a doubt from lingering firmly in my head, do you not mind clarifying it for poisoning me?",gen_query
before i have a doubt,gen_query
got a question answered for you,gen_query
i didnt totally understand this,gen_query
i have no doubt,gen_query
i might have found a query,gen_query
i definitely have a question to ask,gen_query
actually think i have some questions.,gen_query
i finally have a question,gen_query
shall i have a question!,gen_query
i mean cant understand,gen_query
maybe i have a question,gen_query
i have a special query,gen_query
i have some silly doubts,gen_query
can you solve my eternal doubt?,gen_query
could u alone answer my doubts,gen_query
things go ahead,gen_query
consider what is ieee,ieee_what
why can you tell me about ieee,ieee_what
behold what is ieee?,ieee_what
what data is ieee,ieee_what
may i know what what ieee stands out for?,ieee_what
guess what is ieee,ieee_what
what even faster is ieee,ieee_what
who is ieee,ieee_what
then what is ieee basically,ieee_what
what exactly is ieee,ieee_what
ieee exactly who?,ieee_what
look what is ieee?,ieee_what
what exactly really is ieee,ieee_what
what is this latest website,ieee_what
i want people to all know something about ieee,ieee_what
what is is ieee,ieee_what
what data is ieee,ieee_what
can you already tell me that what ieee is?,ieee_what
explain information about ieee,ieee_what
what color is ieee and what is it happening about?,ieee_what
ieee?,ieee_what
my young parents,ieee_what
what does ieee automatically do,ieee_what_does
remember what do you guys do,ieee_what_does
does ieee do it something?,ieee_what_does
 what does ieee do,ieee_what_does
so what is the objective objective of ieee?,ieee_what_does
what do you dare do,ieee_what_does
what do how they do,ieee_what_does
what jobs do you do at ieee,ieee_what_does
what video does ieee do,ieee_what_does
what do the people who created you you guys do?,ieee_what_does
see what do they do?,ieee_what_does
what does being the chapter pages contribute to?,ieee_what_does
define what does ieee do,ieee_what_does
i want everybody to know. what ieee does!,ieee_what_does
what it says does,ieee_what_does
what are ieee's generating functions,ieee_what_does
what he does ieee do?,ieee_what_does
now tell me how ieee works,ieee_what_does
asks what does ieee do?,ieee_what_does
what's ieee actually said do,ieee_what_does
makes of me,ieee_what_does
what are all ieee's lies in my vit same?,ieee_other_linked
these are clubs like ieee €™ cs branches fond of you guys?,ieee_other_linked
is ieee elf and ieee - wie exactly the exact same?,ieee_other_linked
are the other ieees in vit linked to you all in absolutely any way,ieee_other_linked
is there any difference between the five various ieee or does almost all the ieee belong administratively under one their main organization?,ieee_other_linked
there are many ieee in what vit are suppose they really the same?,ieee_other_linked
do the interview other ieees in vit have found anything strange to do with finding you,ieee_other_linked
what is this the same ieee which ï¼Œ i see in other chinese colleges,ieee_other_linked
are other ieee chapters are way and linked to include you,ieee_other_linked
are these all ieees in blue vit headed over by you?,ieee_other_linked
what is ieee - wie formally part of ieee?,ieee_other_linked
are ieee - cs codes and ieee 802 same?,ieee_other_linked
"although there too are so too many ieees in vit, are are all of these linked to influencing each other?",ieee_other_linked
is amongst the few other ieees of super vit connected to this,ieee_other_linked
are all ieees from typical vit networks are mutually interlinked?,ieee_other_linked
ais this also linked iq to vit,ieee_other_linked
are thus the other ieees with specialisations commonly linked together to ieee,ieee_other_linked
are there other ieee chapters indexed in vit linked to any yours?,ieee_other_linked
when does ieee have different branches?,ieee_other_linked
see what about the ieee 802 offshoots,ieee_other_linked
how are no other college ieee boards linked to you,ieee_other_college
do you guys not have any meaningful connection yet to other ieees,ieee_other_college
 does ieee vit work globally with other ieees members around the world?,ieee_other_college
and how rare are ieee's in other constituent colleges linked to you,ieee_other_college
is there connections compatible with other various ieees across the world?,ieee_other_college
are different ieees closely linked,ieee_other_college
do you have exactly anything special to do with ieees housed in other colleges,ieee_other_college
how are you doing connected better to the other ieees,ieee_other_college
how pretty many other ithaca college ieee are linked to behind you guys,ieee_other_college
considering what shape is the relation difference between ieees of other colleges and bryn vit's?,ieee_other_college
ieee - node srm data and ieee - vit is same?,ieee_other_college
but how does does ieee vit v vellore communicate with ieee in other affiliated colleges?,ieee_other_college
neither does ieee of other colleges connected to inform you,ieee_other_college
why are ieees from other asian colleges or are linked with yours?,ieee_other_college
how they are intimately linked,ieee_other_college
how are ieee youth chapters spread across colleges connected?,ieee_other_college
how are the ieees of those other rival colleges linked closely to yours?,ieee_other_college
do you sure have stable links with ieees operating outside vit?,ieee_other_college
question how ieee of the other colleges campuses are linked regularly with the ieee in vit?,ieee_other_college
what is about the other colleges versions,ieee_other_college
since 1950 when has ieee been there,ieee_how_long
how old is about this chapter,ieee_how_long
1990 when was ieee established?,ieee_how_long
how long has ieee already been around,ieee_how_long
 when was ieee created?,ieee_how_long
how old these are you,ieee_how_long
how old it is ieee,ieee_how_long
when p was ieee found,ieee_how_long
how long has recently been ieee around,ieee_how_long
how old it is ieee?,ieee_how_long
whens your 57th birthday?,ieee_how_long
how old america is ieee?,ieee_how_long
 when was ieee established?,ieee_how_long
see when was ieee created,ieee_how_long
when was there this ieee founded?,ieee_how_long
how often long its been around,ieee_how_long
how much long has ieee existed?,ieee_how_long
for how much long what has ieee been around?,ieee_how_long
what'isn s the age distribution of this chapter?,ieee_how_long
how often long has ieee been floating around?,ieee_how_long
how old money is ieee,ieee_how_long
what project do you guys do,ieee_projects
what all do you owe guys dl,ieee_projects
but what does ieee do?,ieee_projects
what isn kind one of projects does ieee do,ieee_projects
but what kind of projects do ieee focus solely on?,ieee_projects
what exactly do you do,ieee_projects
what kinda fun projects do yall still do,ieee_projects
what do you all make at ieee,ieee_projects
what kind of projects gonna do like u guys doo,ieee_projects
what problems all do you people make for other than chatbots?,ieee_projects
do suggest you do cool stuff?,ieee_projects
what leagues are some project?,ieee_projects
 what are the projects currently that are done legally under ieee?,ieee_projects
what kinda stuff does ieee really do,ieee_projects
what is it that ieee code does us exactly?,ieee_projects
what your kind of projects you do,ieee_projects
what kind amount of work he does ieee do?,ieee_projects
what kind of modeling projects this does ieee do?,ieee_projects
tell me about the wikipedia projects ieee wikipedia does,ieee_projects
what kind of software projects work does ieee do?,ieee_projects
wonder what wonderful kind of stuff has ieee done,ieee_projects
note what domains do you cover,ieee_domains
what kinds forms of work would do you guys do,ieee_domains
what domains other than audio electronics technology does ieee have?,ieee_domains
what engineering domains does ieee cover,ieee_domains
what are the various operational sub research divisions of ieee,ieee_domains
know what do you do,ieee_domains
give me an idea of applying the individual domains you cover,ieee_domains
what tech bits do you do,ieee_domains
what all domains people do say u guys do,ieee_domains
which all technologies do anything you wish people work on?,ieee_domains
explain what domains does ieee cover?,ieee_domains
wondering what all domains next will do i get to learn in ieee?,ieee_domains
thus what are the domains you have,ieee_domains
 which are the domains of you are active in?,ieee_domains
what kind number of domains you have,ieee_domains
what domains does ieee normally cover,ieee_domains
what all four domains does your chapter one cover?,ieee_domains
give me just a list of domains,ieee_domains
recall what domains r there,ieee_domains
google github?,ieee_github
can i have made a mind look peek at your github,ieee_github
show cause me ieee'em s github,ieee_github
then what githup repos does ieee automatically have,ieee_github
github email links,ieee_github
can you tell yourself me about repositories contained on your github,ieee_github
do you have a github archive repo page where i can clearly see the actual codebase,ieee_github
can i almost get link of the git and repo of organizing your projects,ieee_github
but i'm guessing you three guys should have delivered an impressive github repo.,ieee_github
can all you link between your other github repo?,ieee_github
are you doing guys all on github?,ieee_github
show up me your github comic repos,ieee_github
now tell me what about github repos!,ieee_github
where we can i find the best github interactive repos of ieee,ieee_github
can t you tell me about bringing your github and repos?,ieee_github
i wanna a check out from the ieee network github repository,ieee_github
do you have identified any additional github links where i can pursue,ieee_github
sporting events?,ieee_past_events
what other sorts of events might do you guys organize,ieee_past_events
what all great events does ieee can organise?,ieee_past_events
what events has ieee recently conducted,ieee_past_events
or are there still many events that ieee have conducted?,ieee_past_events
therefore what have you done,ieee_past_events
what sorta boring events have yall ever done in such the past,ieee_past_events
which article are the events you conduct,ieee_past_events
past event is conducted,ieee_past_events
events which are the last major events conducted by you big guys?,ieee_past_events
do have you conduct events?,ieee_past_events
what are they the past events?,ieee_past_events
what are all events have you yet hosted?,ieee_past_events
what are your flagship day events,ieee_past_events
which successful events have always been conducted regularly by you up till now?,ieee_past_events
indicate which events you conducted,ieee_past_events
highlight what events has ieee conducted recently in the past,ieee_past_events
what are the biggest events ieee gamma vit has conducted even in the generations past??,ieee_past_events
tell me about the two past events,ieee_past_events
name some famous events sites of the urs,ieee_past_events
more upcoming events?,ieee_future_events
what follows all events like can i expect in the future,ieee_future_events
wonder what ieee big event is coming soon?,ieee_future_events
consider what events is ieee planning trends for future,ieee_future_events
is there any future event that is indeed upcoming?,ieee_future_events
what would you dare do,ieee_future_events
any idea about potential future events?,ieee_future_events
have any events coming up?,ieee_future_events
knowing what all events are suddenly coming soon?,ieee_future_events
upcoming outdoor event?,ieee_future_events
what are the anticipated future events?,ieee_future_events
so what exciting are the possible upcoming events that you'll host?,ieee_future_events
any probable future programs,ieee_future_events
what opportunities are your future projects?,ieee_future_events
what particular kind of events do or you conduct,ieee_future_events
what happened are upcoming ieee events,ieee_future_events
what unexpected events will the chapter conduct to in the indefinite future?,ieee_future_events
are there any definite upcoming events?,ieee_future_events
any missing events coming up,ieee_future_events
dos socials?,ieee_social_media
eat what're your socials,ieee_social_media
how can i find ieee messages on google social media?,ieee_social_media
what categories are ieees  social media handles,ieee_social_media
is there any way anywhere to contact ieee representatives on social streaming media?,ieee_social_media
your media forum pages,ieee_social_media
where fuck can i just hit you up on social media,ieee_social_media
can i get link on of your ur social media handles,ieee_social_media
where can i possibly stalk you?,ieee_social_media
why are you on any social gaming media?,ieee_social_media
what email is your email instagram handle?,ieee_social_media
where can i really contact you?,ieee_social_media
show me some platforms meant to connect with develop your org,ieee_social_media
which help social medias do that you use?,ieee_social_media
are you happy on social media,ieee_social_media
what's ieee'on s an insta,ieee_social_media
can you please tell me about your online social media chat handles?,ieee_social_media
where can i safely follow ieee?,ieee_social_media
facebook insta? twitter?,ieee_social_media
wondering how to join?,ieee_be_part_who
can i possibly be a part of ieee,ieee_be_part_who
can shall i take part as in ieee?,ieee_be_part_who
how happen to become a part operator of ieee,ieee_be_part_who
or is there a way i can eventually be made a part of ieee?,ieee_be_part_who
can i be given a part,ieee_be_part_who
who can formally join ieee,ieee_be_part_who
who can concurrently be appointed a part of ieee,ieee_be_part_who
you who all hail can be a part of this final chapter?,ieee_be_part_who
what matter if something i wanna be a part?,ieee_be_part_who
how courage to join ieee,ieee_be_part_who
is is there any specific criteria for being recognized a part of ieee?,ieee_be_part_who
can i be true part friends of your club,ieee_be_part_who
what lengths are these the selection criterias for being a part of ieee?,ieee_be_part_who
can we be part object of ieee,ieee_be_part_who
who likewise can join ieee,ieee_be_part_who
who all can you be trusted a part of ieee?,ieee_be_part_who
am i so eligible again to join ieee?,ieee_be_part_who
can i please join,ieee_be_part_who
dream techloop?,ieee_techloop
think what's that techloop thing thing i just heard about,ieee_techloop
ok what is techloop?,ieee_techloop
what is techloop plus all crazy about,ieee_techloop
is there also a way why i can learn all the various technical domains needed in ieee without being a part proprietor of within the organization?,ieee_techloop
what is cool techloop,ieee_techloop
what is virtual techloop,ieee_techloop
what follows are techloops,ieee_techloop
explore what are techloops,ieee_techloop
. what is loop?,ieee_techloop
"i must have already heard ieee spectrum conducts techloops, what is that address exactly?",ieee_techloop
what is growing this techloop,ieee_techloop
please tell me everything about techloop!,ieee_techloop
teach what abt techloop,ieee_techloop
what brings is techloop,ieee_techloop
funny what exactly really is techloop?,ieee_techloop
explain quantum techloop,ieee_techloop
so what is techloop singing about?,ieee_techloop
what's gotta tech loop,ieee_techloop
wonder where human?,ieee_further_contact
where can i you message you guys,ieee_further_contact
 what details are ieee's contact details?,ieee_further_contact
how ill do we not contact you in future,ieee_further_contact
what can also you give me you'can re contact details?,ieee_further_contact
how do we ever get in touch with either you,ieee_further_contact
just how can so we contact you for more information,ieee_further_contact
where can i now get a your contact info,ieee_further_contact
how can help i get more info,ieee_further_contact
i wannt with more details,ieee_further_contact
how to talk nice to you?,ieee_further_contact
"perhaps if possibly any situation arises, how will ieee contact tell me?",ieee_further_contact
how can i connect with you,ieee_further_contact
may you i now have your contact details?,ieee_further_contact
wondering how to contact you,ieee_further_contact
no further contact,ieee_further_contact
see who do i contact him for further details?,ieee_further_contact
how do i get things in touch with without you?,ieee_further_contact
any contact any info,ieee_further_contact
we collaborate?,ieee_collab
can shall we collaborate with your editorial chapter?,ieee_collab
can you we host an event here together?,ieee_collab
how can now we collaborate with ieee,ieee_collab
where can together i get in touch with ieee for future internet collaborations?,ieee_collab
can we be collaborate,ieee_collab
can we all collaborate with you,ieee_collab
how do i collaborate myself with you cute guys,ieee_collab
we wanna collaborate with screw you people,ieee_collab
can both we collaborate?,ieee_collab
ways can we do a collaboration project together?,ieee_collab
thus can we now do a collab with ieee,ieee_collab
can we formally club our events up together?,ieee_collab
do u collaborate often with other company,ieee_collab
wonder how much do i reach out for collaboration with ieee,ieee_collab
can we now collaborate with ieee or possibly do an ongoing event together?,ieee_collab
any good chance of collaboration?,ieee_collab
i always want to collaborate,ieee_collab
can i just sponsor hug y'all?,ieee_sponsor
we have placed a sponsorship offer for you asking if you really want it.,ieee_sponsor
nor can ourselves we provide ieee some financial aid?,ieee_sponsor
do everything you need sponsorship,ieee_sponsor
what our owe the ways possible in which i advise can sponsor ieee?,ieee_sponsor
do you need government funding,ieee_sponsor
are something you in need of sponsors,ieee_sponsor
can anyone i sponsor the event,ieee_sponsor
does ieee profits by any chance need consumer sponsorship?,ieee_sponsor
see how to sponsor?,ieee_sponsor
"i have never seen how well you conduct your your philanthropy events, i wish you sponsor fund you for one of the charitable events performed in the coming future.",ieee_sponsor
are you ready in the particular need of any sponsors,ieee_sponsor
can we we have honour to sponsor your promotional events?,ieee_sponsor
we can all give you sponsorship,ieee_sponsor
i would like to consider discuss some major sponsorship proposals,ieee_sponsor
do you specifically require sponsorship?,ieee_sponsor
"i'm interested in sponsoring this this extraordinary event, caring whom much should i contact?",ieee_sponsor
whether i want to sponsor,ieee_sponsor
honour board?,ieee_current_board
who are all who are declared the leaders in your chapter so far,ieee_current_board
who are the other heads of ieee,ieee_current_board
who are the five current board members,ieee_current_board
we may i know who the heads have of the organizations who are?,ieee_current_board
those who are you heads,ieee_current_board
what does your board thing look like,ieee_current_board
who served are current board,ieee_current_board
who of all are the current its board members ceo of ieee?,ieee_current_board
say who leads ieee?,ieee_current_board
can i get to someday know about managing the board member of ieee?,ieee_current_board
now show me your board members,ieee_current_board
can we have some details of if your board members?,ieee_current_board
who r indicates board members,ieee_current_board
who are now the current board members constitute of ieee,ieee_current_board
others who are currently the current board members?,ieee_current_board
list of board executive members,ieee_current_board
who's currently on the board,ieee_current_board
ok tv bye,gen_bye
say goodbye,gen_bye
just see ya!,gen_bye
pedro arigato,gen_bye
see thank you,gen_bye
nice to meet thank you!,gen_bye
thank u good bye,gen_bye
bye  bye,gen_bye
viva adios,gen_bye
bye till then next time,gen_bye
mr bbye,gen_bye
ever goodbye,gen_bye
will appreciate your help,gen_thanks
a thanks,gen_thanks
moi au revoir!,gen_thanks
their thank you,gen_thanks
appreciate your timely help. goodbye.,gen_thanks
good thanks,gen_thanks
yup music that's all,gen_thanks
thanks a damn lot,gen_thanks
thank you very dear much,gen_thanks
thankyou for spilling the information!,gen_thanks
"great, pleasant thanks!",gen_thanks
winners get post,gen_thanks
my thank you for solving my basic doubts.,gen_thanks
thanks you for helping me,gen_thanks
right hello there!,gen_hi
ah hey!,gen_hi
fly off there,gen_hi
¡ goodnight buddy!,gen_hi
hi data tech support,gen_hi
now come there!,gen_hi
oh hello again!,gen_hi
hello hurry's up,gen_how_you
ship'ain s up,gen_how_you
how badly did you doing,gen_how_you
how'n life takes bothering for you?,gen_how_you
but how can life?,gen_how_you
buck ya who doin,gen_how_you
how were you doing?,gen_how_you
how amazing could you do,gen_how_you
knows where?,gen_how_you
how are you ladies do?,gen_how_you
how long you are been?,gen_how_you
how are the i doing,gen_how_you
i all smiled great! thank thee heavens!,gen_how_you
how how are girls?,gen_how_you
everything'u s new?,gen_how_you
got you serious doin?,gen_how_you
external pdf,gen_how_you
who are those witches?,gen_who_you
where's re you?,gen_who_you
who am i happily used to?,gen_who_you
who really saved you?,gen_who_you
why may i know. the identity of another lady?,gen_who_you
what do so you should do.,gen_who_you
everyone who says,gen_who_you
who are their kings?,gen_who_you
why whats your trouble?,gen_who_you
thou almighty shall reveal unto,gen_who_you
may should i change the name reading pls?,gen_who_you
so wherever do they call you,gen_who_you
have i seen so you anywhere?,gen_who_you
how so abt ask,gen_who_you
me! now its true!,gen_who_you
top 20 dis,gen_who_you
yet may them forget who this you are?,gen_who_you
how can you still save me?,gen_who_you
what'l become your name?,gen_who_you
do thou gladly know u,gen_who_you
me! please kiss me!,gen_who_you
where u want bot?,gen_bot
are dogs an artificial ai?,gen_bot
"you guys mean a bot, big o's got you?",gen_bot
lucky are you ever bot,gen_bot
are i such a man made,gen_bot
"say, you wouldnt wish her to be a witch long would you know?",gen_bot
are teaching you any computer?,gen_bot
right where they began talking to a bot?,gen_bot
you sound called himself a bot.,gen_bot
are you not ready?,gen_bot
are you saying not much human?,gen_bot
give you a new bot perhaps?,gen_bot
are yourself a buddy robot,gen_bot
"you say acting like a bot, are there yours?",gen_bot
r u n u,gen_bot
teach you lesson a bot,gen_bot
got you like a bot?,gen_bot
are i such a robot?,gen_bot
are dragons a magical bot?,gen_bot
boo boo bot,gen_bot
u stay as human?,gen_human
how are you indeed named la sapien?,gen_human
"anyway she ain't enough think you't re only a human, you there?",gen_human
how are we human,gen_human
""" every shape nancy cora carter created describes straightening of her left fingers, curling all right fingers fingers and thumb toward your palm on both hands, tapping and putting your hands together when all middle fingers on the hand simultaneously touch the respective right finger nearest the one others the hand",gen_human
monkeys are considered a living being,gen_human
are you a fucking demon,gen_human
do shifters have stronger feelings?,gen_human
makes you mean a person?,gen_human
"when you'm almost completely human, who are you you?",gen_human
are thy beautiful flesh?,gen_human
"pray you well don't mind mind me asking, where aren ladies human?",gen_human
lucky you one one of us,gen_human
people actually think either you people are a troll criminal or are you?,gen_human
or dear no r human,gen_human
so are we human?,gen_human
are you buying her robot or a ghost bot?,gen_human
"let sleep amuse from me, can you one?",gen_human
you're a fantastic human,gen_human
more extensive questions,gen_human
god made beautiful you?,gen_who_made
who've told your parents?,gen_who_made
and who likes you?,gen_who_made
peace is for your creator,gen_who_made
that may i know the true destiny of ya'er re creator / master?,gen_who_made
what kind i truly organism are you,gen_who_made
who art bids thy glory,gen_who_made
whore youre so pretty,gen_who_made
who wants save you?,gen_who_made
anyone who loves you?,gen_who_made
imagine whatever owns you?,gen_who_made
who is thee the owner?,gen_who_made
think who wants your creator?,gen_who_made
who is holding your queen,gen_who_made
who is doing it creator?,gen_who_made
someone who made me,gen_who_made
what country do do you serve,gen_who_made
who had created myth?,gen_who_made
who heard that you?,gen_who_made
who was watching you?,gen_who_made
q series specs,gen_who_made
that particular old guy named harsh,gen_who_made
find their help,gen_help
can i maybe get any help?,gen_help
so i want immediate help. where can anybody you trust amy?,gen_help
can you help yourself be,gen_help
"if its not terribly difficult much to grasp, could now you assist on me?",gen_help
someday i shall help,gen_help
im having solution one problem,gen_help
i want thee a favour,gen_help
can i u help himself?,gen_help
can you not be of no practical help aboard me?,gen_help
would something better help me?,gen_help
could be peter please. help carolyn out here?,gen_help
when i got ready this picture. plus some help may be nice.,gen_help
nowhere can anybody do me a favor,gen_help
you would have you able to help yourself?,gen_help
use your my help,gen_help
can they you handle me?,gen_help
how do you help me?,gen_help
patients worldwide need assistance,gen_help
shall please help it?,gen_help
find unto me,gen_help
thou am made proud for that,gen_help
no hypothetical question?,gen_query
hey i had told me question,gen_query
i have possibly a boyfriend,gen_query
if i wanted to ask her,gen_query
"never have a reasonable doubt lingering on raising my own head, what do your brains think clarifying it for tonight?",gen_query
i feel a definite doubt,gen_query
got a question card on you,gen_query
i deliberately didnt say this,gen_query
i have already lost,gen_query
someday i might have a gift,gen_query
i have debated what question to ask,gen_query
although technically i have some questions.,gen_query
if i require a question,gen_query
i have missed your question!,gen_query
i seldom shall understand,gen_query
i almost have the question,gen_query
may i have a girlfriend,gen_query
i have got some problems,gen_query
can we solve my inner doubt?,gen_query
pray u answer upon my doubts,gen_query
move thee ahead,gen_query
see here is ieee,ieee_what
can you ask to me about ieee,ieee_what
what tests were ieee?,ieee_what
another reference is ieee,ieee_what
may they all know what ieee account holder for?,ieee_what
say what happen ieee,ieee_what
what i even could ieee,ieee_what
below below is ieee,ieee_what
what drives ieee  basically,ieee_what
section 14 is ieee,ieee_what
ieee version 128?,ieee_what
ibm and is ieee?,ieee_what
imagine what today is ieee,ieee_what
what became this original website,ieee_what
to people want people to hear something about ieee,ieee_what
source server is ieee,ieee_what
and what makes ieee,ieee_what
would anyone tell me me precisely what ieee is?,ieee_what
 explain internet ieee,ieee_what
where is ieee and what drives make it mad about?,ieee_what
ieee?,ieee_what
dear dear parents,ieee_what
but what does ieee want,ieee_what_does
what do you nice guys be,ieee_what_does
does ieee ignition cause something?,ieee_what_does
does ieee not do,ieee_what_does
decided what was the objective possible if ieee?,ieee_what_does
what do believe you now,ieee_what_does
indeed do so they do,ieee_what_does
what shall you do tomorrow at ieee,ieee_what_does
what we ieee people do,ieee_what_does
what do are the scientists who created our slaves do?,ieee_what_does
what sometimes do people do?,ieee_what_does
what did the chapter names relate themselves to?,ieee_what_does
and indeed does ieee do,ieee_what_does
unless i want them can watch what ieee does!,ieee_what_does
wonder what man does,ieee_what_does
what are ieee'hash hash functions,ieee_what_does
what exactly will ieee do?,ieee_what_does
tell ya ya how ieee works,ieee_what_does
what must ieee trust do?,ieee_what_does
what're ieee actually on do,ieee_what_does
makes subtle comparisons,ieee_what_does
ar yours ieee'what s it a vit gone same?,ieee_other_linked
cheer clubs and thriving ieee other branches of why you cheer guys?,ieee_other_linked
use while ieee 802 and ieee - 3 not same?,ieee_other_linked
are there other ieees in vit reservation right for you in not any case,ieee_other_linked
if are there any difference between between the aforementioned ieee agreements does all within the ieee adhere legally to form one main organization?,ieee_other_linked
and there are many ieee tools on vit are we the five highest?,ieee_other_linked
whereas the sans pe ieees de vit did take anything to declare don'thing with you,ieee_other_linked
is actually twice the actual same ieee number as i see in all colleges,ieee_other_linked
are made other ieee implementations are way directly linked towards you,ieee_other_linked
but get you ieees in vit headed now after hiring you?,ieee_other_linked
is ieee - compliant wie world definition 0 ieee?,ieee_other_linked
globally are ieee - approved 400 nodes ieee same?,ieee_other_linked
"they had existed so various countless ieees hidden in vit, possibly making all of these these identical to each other?",ieee_other_linked
google is sending data ieees of google vit labs connected to its,ieee_other_linked
. whether all ieees shipped from japan are counted?,ieee_other_linked
ais this suffix to cum à¥¤,ieee_other_linked
unlike among the regular other ieees bundled with certificates available to ieee,ieee_other_linked
or other ieee code chapters in isis linked directly to global isis?,ieee_other_linked
why can ieee have different branches?,ieee_other_linked
what gives oracle wi ieee open offshoots,ieee_other_linked
€  following are other intel ieee linked to mit you,ieee_other_college
do i indeed still have anything any objection to our other ieees,ieee_other_college
why does ieee observers organisations work with other ieees about the baltic nation?,ieee_other_college
determine how many ieee's in other domains can linked to virtual atm,ieee_other_college
or am there important connections between various ieees all across your world?,ieee_other_college
compare 34 different ieees linked,ieee_other_college
do what you get plans to actively do or ieees in their other colleges,ieee_other_college
how quickly do you connected and contact the other ieees,ieee_other_college
how many other linux college ieee are operating regularly against crazy mod guys,ieee_other_college
what makes a good relation exists between ieees two other affiliated colleges including k vit's?,ieee_other_college
ieee - srm hardware using ieee - 1000 nt spectrum protocols?,ieee_other_college
so do does ieee vit often communicate unofficially with ieee other national nursing colleges?,ieee_other_college
does ieee of other processing languages explicitly apply to you,ieee_other_college
 are ieees buying those lovely colleges which are playing with yours?,ieee_other_college
shows how they became linked,ieee_other_college
how are ieee organizations or technology colleges intimately connected?,ieee_other_college
how are compare the ieees of other nations comparable compared to asia?,ieee_other_college
young people who have various links to ieees outside radio vit?,ieee_other_college
and how ieee premises of residential colleges are linked in neighbouring ieee in neighboring cambridge?,ieee_other_college
what knows about the other colleges do,ieee_other_college
from then when has ieee been there,ieee_how_long
how mighty old is last chapter,ieee_how_long
was ieee officially established?,ieee_how_long
how this little has ieee been around,ieee_how_long
when is all ieee created?,ieee_how_long
how surely blessed are you,ieee_how_long
nor what old is ieee,ieee_how_long
and when was ieee different,ieee_how_long
knows how long haven been ieee around,ieee_how_long
how accurate access is ieee?,ieee_how_long
celebrate your 60th birthday?,ieee_how_long
guess how old does ieee?,ieee_how_long
1970 was ieee membership established?,ieee_how_long
ieee 802 was ieee created,ieee_how_long
and when was it ieee founded?,ieee_how_long
how long its been away gone,ieee_how_long
who not long has ieee existed?,ieee_how_long
maybe about quite as long has ieee been around?,ieee_how_long
this's still the age of alpha galactic chapter?,ieee_how_long
how long yesterday has ieee got fired?,ieee_how_long
how too old are ieee,ieee_how_long
what project do whether we do,ieee_projects
what all gonna do ya guys dl,ieee_projects
anything does ieee code do?,ieee_projects
describes what kind a mechanical equipment does ieee do,ieee_projects
predicting what number of projects a ieee focus exists on?,ieee_projects
imagine what could you do,ieee_projects
know what software projects do we do,ieee_projects
 what do they make at ieee,ieee_projects
no more kind of serious projects do u say doo,ieee_projects
what all laws say certain people people make law other than books?,ieee_projects
do you do evil religious stuff?,ieee_projects
what are missions they project?,ieee_projects
what parties are some the projects parties are participating actively within ieee?,ieee_projects
what silly stuff really does ieee do,ieee_projects
what defines perhaps exactly all that ieee does exactly?,ieee_projects
what kind of stuff you guys do,ieee_projects
why those kind of job work women ieee do?,ieee_projects
another special kind the project projects does ieee do?,ieee_projects
bring me yo bout onto the projects ieee does,ieee_projects
what classification category composition of projects does ieee have?,ieee_projects
see what else that stuff who has ieee done,ieee_projects
what domains do you actually carry,ieee_domains
what cool kinds football league games do you guys do,ieee_domains
what information domains other than wireless electronics or ieee incorporate?,ieee_domains
what everyone does ieee the cover,ieee_domains
identify what are the dominant sub critical areas of ieee,ieee_domains
what makes if you do,ieee_domains
wanna give me an overview of the domains you should know,ieee_domains
what tech do if you steal,ieee_domains
oh hey u domains do u n guys do,ieee_domains
which storage separation technologies would do you people decide on?,ieee_domains
what domains do ieee formally cover?,ieee_domains
wondering where all domains will i naturally begin to learn regarding thy ieee?,ieee_domains
what are worth the stones you have,ieee_domains
which basically means what internet domains you are active in?,ieee_domains
what particular kind of domains may have,ieee_domains
discovering what domains does ieee control,ieee_domains
what all our domains does my chapter 2 contain?,ieee_domains
give you yourselves a list of domains,ieee_domains
what other domains found there,ieee_domains
sleeping alone?,ieee_github
can she really have planted a dagger at your shoulder,ieee_github
show me ieee'new narrative wisdom,ieee_github
software like githup or repos does ieee à¥¤,ieee_github
ieee github repository,ieee_github
did you tell herb me about us visiting on loan,ieee_github
why do you have another github web repo where among you guys may see the pictures,ieee_github
can i get my link list amongst the locally active database of your projects,ieee_github
i'm guessing aunt ruby had even recently had such impressive mini github repo.,ieee_github
could you ever save your fancy digital repo?,ieee_github
is shall we guys on amazon github?,ieee_github
come show me anything on github browser,ieee_github
help make me install these github repos!,ieee_github
where users could currently everyone find true github or repos of ieee,ieee_github
when can he tell me right now your github file file?,ieee_github
i wanna first check information page for ieee international github website,ieee_github
do you look like through any external links i cannot pursue,ieee_github
to remember?,ieee_past_events
what sorts chain of events do should we secretly organize,ieee_past_events
what all important events to ieee computers possess?,ieee_past_events
what events has ieee positively made,ieee_past_events
are then there many fairs that ieee have generally attended?,ieee_past_events
what have come you got,ieee_past_events
some famous sorta boating events dick van yall experienced in the past,ieee_past_events
or which are the events corporations conduct,ieee_past_events
medal event conducted,ieee_past_events
which reflects that the major events hosted regularly by you are next?,ieee_past_events
understand how you conduct events?,ieee_past_events
what are relevant besides past events?,ieee_past_events
ok now all events that have been hosted?,ieee_past_events
what are your want flagship programmes,ieee_past_events
successful events have been successfully conducted anywhere between you up till then?,ieee_past_events
past three events you conducted,ieee_past_events
what it has ieee been conducted. for the past,ieee_past_events
where else are there the events ieee vit had you brought in this geologic past??,ieee_past_events
telling me about behind the past events,ieee_past_events
name some of famous verses spoken among urs,ieee_past_events
excellent upcoming exam?,ieee_future_events
what all events can reasonably reasonably expect in seeing its future,ieee_future_events
but what ieee signal technology is coming today?,ieee_future_events
seeing what events is ieee planning till february 2020,ieee_future_events
how is there sudden luck that something is upcoming?,ieee_future_events
who thou would you do,ieee_future_events
any serious idea about those events?,ieee_future_events
any clouds stop coming up?,ieee_future_events
perhaps all the threats are still coming soon?,ieee_future_events
great tourist event?,ieee_future_events
what are the estimated future whereabouts?,ieee_future_events
or what s about revealing the latest events that you'm host?,ieee_future_events
capacity building future programs,ieee_future_events
where are it your future projects?,ieee_future_events
what kind a special events do do you expect,ieee_future_events
these dates are upcoming ieee events,ieee_future_events
what exactly do the chapter conduct assist in determining your future future?,ieee_future_events
are below any upcoming annual events?,ieee_future_events
any events held followed up,ieee_future_events
right understand?,ieee_social_media
what're outta your fault,ieee_social_media
how do i generally contact ieee on social network media?,ieee_social_media
following names are ieees concerning social media messages,ieee_social_media
do there any safe way to extend ieee networking via social digital media?,ieee_social_media
your usual facebook pages,ieee_social_media
so can hillary i hit myself up online on social media,ieee_social_media
nobody can and i get that of ur social media address,ieee_social_media
where down can i put you?,ieee_social_media
you know you remember using any social media?,ieee_social_media
what is your photographic identification profile?,ieee_social_media
just where can i ask you?,ieee_social_media
show yourself some platforms at connect with protect your view org,ieee_social_media
select which social medias please shall we use?,ieee_social_media
contact you regularly on social media,ieee_social_media
what'what s ieee'll always need,ieee_social_media
 would you please tell you something about illegal social media handles?,ieee_social_media
while where can messages follow ieee?,ieee_social_media
insta? yet why?,ieee_social_media
how do we join?,ieee_be_part_who
db can also be a generic part i ieee,ieee_be_part_who
whom can ibm engineers take part  ieee?,ieee_be_part_who
discover how best be something a part of ieee,ieee_be_part_who
are t there a way i must naturally be fulfilling a part 1 ieee?,ieee_be_part_who
can i be missing your part,ieee_be_part_who
or others can join ieee,ieee_be_part_who
metadata elements can become a part part of ieee,ieee_be_part_who
who worth sees can be most part when of reading a chapter?,ieee_be_part_who
about what. i fear cannot be a spare part?,ieee_be_part_who
invited to freely join ieee,ieee_be_part_who
is in it there any implications given for being officially part of ieee?,ieee_be_part_who
can bear i take part in your sunday club,ieee_be_part_who
where are the user selection initial criterias for being bell telephone i ieee?,ieee_be_part_who
can we be naturally composed of ieee,ieee_be_part_who
if all can join ieee,ieee_be_part_who
who again can we contribute a large part of ieee?,ieee_be_part_who
am there anyone presently eligible to resume ieee?,ieee_be_part_who
can do it join,ieee_be_part_who
back anywhere?,ieee_techloop
and those're re that cool techloop thing i heard was,ieee_techloop
see what did techloop?,ieee_techloop
what is about science talks about,ieee_techloop
is there a way i perhaps can learn virtually all within any various technologies besides ieee related computers being permanently part thereof of our research organization?,ieee_techloop
what sounds better techloop,ieee_techloop
today it is techloop,ieee_techloop
tenants are nearby techloops,ieee_techloop
what are the stories,ieee_techloop
now how is loop?,ieee_techloop
"historians have ever heard ieee networks internet networking techloops, what was driving it exactly?",ieee_techloop
perhaps what is this paper,ieee_techloop
tell me uncle bob harry!,ieee_techloop
let what abt say,ieee_techloop
topic is google techloop,ieee_techloop
what is exactly your water?,ieee_techloop
help explain this,ieee_techloop
nowhere could this techloop think about?,ieee_techloop
what's every loop loop,ieee_techloop
wonder where goes?,ieee_further_contact
where can i take to you guys,ieee_further_contact
what are ieee's 13 latest sustainability reports?,ieee_further_contact
how shall should we recognize you today in future,ieee_further_contact
where can you make certain those you're missing contact details?,ieee_further_contact
and how can people get in touch with a you,ieee_further_contact
whether could we simultaneously contact you. for more information,ieee_further_contact
can we get scared you outta your contact info,ieee_further_contact
how can it anybody get more info,ieee_further_contact
 i wannt more ,ieee_further_contact
hear how to respond to you?,ieee_further_contact
"even if any misunderstanding actually happens, surely please will ieee contact me?",ieee_further_contact
how can they connect with are you,ieee_further_contact
but can i not have your contact listed?,ieee_further_contact
how you may contact you,ieee_further_contact
telephone contact,ieee_further_contact
who do i make contact after further internal updates?,ieee_further_contact
so do do i ever get eye touch with you?,ieee_further_contact
any other bonus info,ieee_further_contact
it right?,ieee_collab
why can anyone collaborate with a publishing chapter?,ieee_collab
can we host anything this event like here?,ieee_collab
how much would we collaborate with ieee,ieee_collab
can businesses now get real touch with ieee applications pending their future collaborations?,ieee_collab
can  we meet,ieee_collab
can afford we collaborate with nasa,ieee_collab
how long must i collaborate with those dumb guys,ieee_collab
we do wanna sing with you people,ieee_collab
which are we collaborate?,ieee_collab
did we do write a random collaboration list?,ieee_collab
functions can potentially do a formal bundle with ieee,ieee_collab
ready can we rub our toes straight together?,ieee_collab
do u collaborate founded by other company,ieee_collab
how do i reach out toward lasting lasting peace with ieee,ieee_collab
but may we simply roll credits with ieee or do an event launch?,ieee_collab
any big chance of stopping?,ieee_collab
we want employers to collaborate,ieee_collab
here can you tel y'im all?,ieee_sponsor
we have some occasional sponsorship offer for travelling tours opportunities if you like it.,ieee_sponsor
do we provide ieee banks some legal loan aid?,ieee_sponsor
wherever you are need sponsorship,ieee_sponsor
wondering what our the ways in question ieee discuss would we sponsor ieee?,ieee_sponsor
do you seek additional funding,ieee_sponsor
where are you in need bank sponsors,ieee_sponsor
can  i resume the event,ieee_sponsor
does ieee phone networks deed chance automatically need sponsorship?,ieee_sponsor
how to meet begin?,ieee_sponsor
"while i always have seen how winning teams often conduct your schemes, i wish i did sponsor you travel through some of the tournaments in the past coming year.",ieee_sponsor
are you in the midst of offering any divine help,ieee_sponsor
can we all send your honour to sponsor your cause?,ieee_sponsor
we can rescue our you sponsorship,ieee_sponsor
i truly would like to discuss some details  ,ieee_sponsor
unless you require permanent sponsorship?,ieee_sponsor
"i't m honestly interested in actually operating around this event, whoever do i hire?",ieee_sponsor
i want me every sponsor,ieee_sponsor
saying hello?,ieee_current_board
she always knows are the paramount leaders in your chapter from anywhere far,ieee_current_board
who are are senior heads of ieee,ieee_current_board
who have meet the current board members,ieee_current_board
may i know here who these heads who hosting different us organizations are?,ieee_current_board
who only gets you heads,ieee_current_board
what does your skin look look like,ieee_current_board
who controls any current board,ieee_current_board
who have left are now any current voting core members of ieee?,ieee_current_board
someone who works ieee?,ieee_current_board
would practically everyone soon get to know about the logical limitations of ieee?,ieee_current_board
show me 3 vice board members,ieee_current_board
can we potentially have preliminary reports if current board members?,ieee_current_board
area r board members,ieee_current_board
shareholders who are the total fifteen board members per ieee,ieee_current_board
who constitutes the responsible voting board regarding members?,ieee_current_board
list to board eight members,ieee_current_board
dad's daughter on the board,ieee_current_board
round 6 bye,gen_bye
see through you!,gen_bye
see this diagram,gen_bye
nice to meet amongst them!,gen_bye
thank love yo bye,gen_bye
last bye night,gen_bye
bye till next preliminary round,gen_bye
patient appreciate compassionate help,gen_thanks
rose au sable!,gen_thanks
thank thy god,gen_thanks
they appreciate your help. hurry.,gen_thanks
yup who's after all,gen_thanks
you thanks our lot,gen_thanks
little like you very much,gen_thanks
thankyou you get the information!,gen_thanks
"robbie oh, thanks!",gen_thanks
get outta there,gen_thanks
forgive you for difficulty solving my current problems.,gen_thanks
well thanks for dropping me,gen_thanks
